,title,count
0,Post Game Thread: New York Giants at Washington Football Team,1025
1,Post Game Thread: Los Angeles Chargers at Washington Football Team,699
2,Post Game Thread: Dallas Cowboys at Washington Football Team,584
3,Post Game Thread: New Orleans Saints at Washington Football Team,565
4,Post Game Thread: Seattle Seahawks at Washington Football Team,555
5,Post Game Thread: Washington Football Team at Dallas Cowboys,489
6,Post Game Thread: Kansas City Chiefs at Washington Football Team,480
7,Post Game Thread: Washington Football Team at Las Vegas Raiders,463
8,Post Game Thread: Washington Football Team at Denver Broncos,431
9,Post Game Thread: Washington Football Team at Carolina Panthers,369
10,Post Game Thread: Washington Football Team at Buffalo Bills,366
11,Post Game Thread: Tampa Bay Buccaneers at Washington Football Team,362
12,Post Game Thread: Philadelphia Eagles at Washington Football Team,350
13,Post Game Thread: Washington Football Team at Philadelphia Eagles,313
14,Post Game Thread: Washington Football Team at Green Bay Packers,281
15,Post Game Thread: Washington Football Team at New York Giants,161
16,Post Game Thread: Washington Football Team at Atlanta Falcons,18
